{
  "project_info": {
    "project_number": "358284501730",
    "project_id": "new-ads-package",
    "storage_bucket": "new-ads-package.appspot.com"
  },
  "client": [
    {
      "client_info": {
        "mobilesdk_app_id": "1:358284501730:android:8861c7fc49f90fa376f4bb",
        "android_client_info": {
          "package_name": "com.mynewadspackage2023"
        }
      },
      "oauth_client": [
        {
          "client_id": "358284501730-51fufa8cqutdb23g005gjke1khoo0atg.apps.googleusercontent.com",
          "client_type": 3
        }
      ],
      "api_key": [
        {
          "current_key": "AIzaSyBGpXlcTOJ2ru5WEFMIRtrgsFYnPrWh5co"
        }
      ],
      "services": {
        "appinvite_service": {
          "other_platform_oauth_client": [
            {
              "client_id": "358284501730-51fufa8cqutdb23g005gjke1khoo0atg.apps.googleusercontent.com",
              "client_type": 3
            }
          ]
        }
      }
    }
  ],
  "configuration_version": "1"
}